<?xml version="1.0" encoding="UTF-8"?>
<metadata modelVersion="1.1.0">
  <groupId>com</groupId>
  <artifactId>filedriveapplication</artifactId>
  <versioning>
    <lastUpdated>20220825013512</lastUpdated>
    <snapshot>
      <localCopy>true</localCopy>
    </snapshot>
    <snapshotVersions>
      <snapshotVersion>
        <extension>jar</extension>
        <value>0.0.1-SNAPSHOT</value>
        <updated>20220825013512</updated>
      </snapshotVersion>
      <snapshotVersion>
        <extension>pom</extension>
        <value>0.0.1-SNAPSHOT</value>
        <updated>20220825013512</updated>
      </snapshotVersion>
    </snapshotVersions>
  </versioning>
  <version>0.0.1-SNAPSHOT</version>
</metadata>
